day_name,8,9,10,11,12,13,14,15,16,17,18,19,20
Friday,0.0,35000.0,0.0,0.0,0.0,0.0,0.0,0.0,44000.0,0.0,0.0,36000.0,0.0
Monday,0.0,30000.0,0.0,0.0,35000.0,0.0,0.0,0.0,0.0,66000.0,0.0,0.0,0.0
Saturday,0.0,0.0,0.0,25000.0,0.0,0.0,36000.0,0.0,0.0,0.0,0.0,0.0,22000.0
Sunday,0.0,0.0,48000.0,0.0,0.0,0.0,0.0,0.0,0.0,0.0,70000.0,0.0,0.0
Thursday,0.0,0.0,0.0,45000.0,0.0,0.0,0.0,36000.0,0.0,0.0,0.0,0.0,25000.0
Tuesday,12000.0,0.0,0.0,0.0,0.0,0.0,72000.0,0.0,0.0,0.0,0.0,30000.0,0.0
Wednesday,0.0,0.0,35000.0,0.0,0.0,50000.0,0.0,0.0,0.0,0.0,22000.0,0.0,0.0
